quantity,plane,xlim,dens_weight,col-dens,mol-grid,compare_fractions,nine-fractions,xsec,contours,parent-daughter,phys-overview
parents,"xy,xz","5000, 2000, 200, 500",TRUE,,TRUE,,,,,,
parents,"xy,xz",2000,TRUE,,TRUE,,,,TRUE,,
daughters,"xy,xz","5000, 2000, 200, 500",TRUE,,TRUE,,,,,,
parents,"xy,xz",200,,TRUE,,,,,,,
CO,xz,5000,TRUE,,,,,,TRUE,,
CO,xz,2000,,TRUE,,,,,,,
molecules,"xy,xz","2000, 100",TRUE,,,TRUE,TRUE,,,,
CO,"xy,xz","2000, 100",,TRUE,,TRUE,TRUE,,,,
CO,xy,200,TRUE,,,,,,,,
CO,xy,200,TRUE,,,,,0,,,
CO,xy,200,,TRUE,,,,0,,,
,"xy,xz",2000,TRUE,,,,,,,TRUE,
,"xy,xz",200,TRUE,,,,,,,TRUE,
,"xy,xz",200,,TRUE,,,,0,,TRUE,